due,title,id,priority,state
123,123,I092,Low,‚òê
123,123,I093,Low,‚òê
123,123,I094,Low,‚òê
123,123,I095,Low,‚òê
123,123,I096,Low,‚òê
123,123,I097,Low,‚òê
123,123,I098,Low,‚òê
123,123,I099,Low,‚òê
123,123,I09A,Low,‚òê
123,123,I09B,Low,‚òê
123,123,I09C,Low,‚òê
123,123,I09D,Low,‚òê
123,123,I09E,Low,‚òê
123,123,I09F,Low,‚òê
123,123,I0A0,Low,‚òê
123,123,I0A1,Low,‚òê
123,123,I0A2,Low,‚òê
123,123,I0A3,Low,‚òê
123,123,I0A4,Low,‚òê
123,123,I0A5,Low,‚òê
123,123,I0A6,Low,‚òê
123,123,I0A7,Low,‚òê
123,123,I0A8,Low,‚òê
123,123,I0A9,Low,‚òê
123,123,I0AA,Low,‚òê
123,123,I0AB,Low,‚òê
123,123,I0AC,Low,‚òê
123,123,I0AD,Low,‚òê
123,123,I0AE,Low,‚òê
123,123,I0AF,Low,‚òê
123,123,I0B0,Low,‚òê
123,123,I0B1,Low,‚òê
123,123,I0B2,Low,‚òê
123,123,I0B3,Low,‚òê
123,123,I0B4,Low,‚òê
123,123,I0B5,Low,‚òê
123,123,I0B6,Low,‚òê
123,123,I0B7,Low,‚òê
123,123,I0B8,Low,‚òê
123,123,I0B9,Low,‚òê
123,123,I0BA,Low,‚òê
123,123,I0BB,Low,‚òê
123,123,I0BC,Low,‚òê
123,123,I0BD,Low,‚òê
123,123,I0BE,Low,‚òê
123,123,I0BF,Low,‚òê
123,123,I0C0,Low,‚òê
123,123,I0C1,Low,‚òê
123,123,I0C2,Low,‚òê
123,123,I0C3,Low,‚òê
123,123,I0C4,Low,‚òê
123,123,I0C5,Low,‚òê
123,123,I0C6,Low,‚òê
123,123,I0C7,Low,‚òê
123,123,I0C8,Low,‚òê
123,123,I0C9,Low,‚òê
123,123,I0CA,Low,‚òê
123,123,I0CB,Low,‚òê
123,123,I0CC,Low,‚òê
123,123,I0CD,Low,‚òê
123,123,I0CE,Low,‚òê
123,123,I0CF,Low,‚òê
123,123,I0D0,Low,‚òê
123,123,I0D1,Low,‚òê
123,123,I0D2,Low,‚òê
123,123,I0D3,Low,‚òê
123,123,I0D4,Low,‚òê
123,123,I0D5,Low,‚òê
123,123,I0D6,Low,‚òê
123,123,I0D7,Low,‚òê
123,123,I0D8,Low,‚òê
123,123,I0D9,Low,‚òê
123,123,I0DA,Low,‚òê
123,123,I0DB,Low,‚òê
123,123,I0DC,Low,‚òê
123,123,I0DD,Low,‚òê
123,123,I0DE,Low,‚òê
123,123,I0DF,Low,‚òê
123,123,I0E0,Low,‚òê
123,123,I0E1,Low,‚òê
123,123,I0E2,Low,‚òê
123,123,I0E3,Low,‚òê
123,123,I0E4,Low,‚òê
123,123,I0E5,Low,‚òê
123,123,I0E6,Low,‚òê
123,123,I0E7,Low,‚òê
123,123,I0E8,Low,‚òê
123,123,I0E9,Low,‚òê
123,123,I0EA,Low,‚òê
123,123,I0EB,Low,‚òê
123,123,I0EC,Low,‚òê
123,123,I0ED,Low,‚òê
123,123,I0EE,Low,‚òê
123,123,I0EF,Low,‚òê
123,123,I0F0,Low,‚òê
123,123,I0F1,Low,‚òê
123,123,I0F2,Low,‚òê
123,123,I0F3,Low,‚òê
123,123,I0F4,Low,‚òê
123,123,I0F5,Low,‚òê
123,123,I0F6,Low,‚òê
123,123,I0F7,Low,‚òê
123,123,I0F8,Low,‚òê
123,123,I0F9,Low,‚òê
123,123,I0FA,Low,‚òê
123,123,I0FB,Low,‚òê
123,123,I0FC,Low,‚òê
123,123,I0FD,Low,‚òê
123,123,I0FE,Low,‚òê
123,123,I0FF,Low,‚òê
123,123,I100,Low,‚òê
123,123,I101,Low,‚òê
123,123,I102,Low,‚òê
123,123,I103,Low,‚òê
123,123,I104,Low,‚òê
123,123,I105,Low,‚òê
123,123,I106,Low,‚òê
123,123,I107,Low,‚òê
123,123,I108,Low,‚òê
123,123,I109,Low,‚òê
123,123,I10A,Low,‚òê
123,123,I10B,Low,‚òê
123,123,I10C,Low,‚òê
123,123,I10D,Low,‚òê
123,123,I10E,Low,‚òê
123,123,I10F,Low,‚òê
123,123,I110,Low,‚òê
123,123,I111,Low,‚òê
123,123,I112,Low,‚òê
